<?xml version="1.0" encoding="UTF-8"?>
<mule xmlns="http://www.mulesoft.org/schema/mule/core" xmlns:api-platform-gw="http://www.mulesoft.org/schema/mule/api-platform-gw" xmlns:apikit="http://www.mulesoft.org/schema/mule/apikit" xmlns:doc="http://www.mulesoft.org/schema/mule/documentation" xmlns:http="http://www.mulesoft.org/schema/mule/http" xmlns:spring="http://www.springframework.org/schema/beans" xmlns:xsi="http://www.w3.org/2001/XMLSchema-instance" xsi:schemaLocation="http://www.mulesoft.org/schema/mule/core http://www.mulesoft.org/schema/mule/core/current/mule.xsd
http://www.mulesoft.org/schema/mule/http http://www.mulesoft.org/schema/mule/http/current/mule-http.xsd
http://www.mulesoft.org/schema/mule/apikit http://www.mulesoft.org/schema/mule/apikit/current/mule-apikit.xsd
http://www.springframework.org/schema/beans http://www.springframework.org/schema/beans/spring-beans-3.1.xsd
http://www.mulesoft.org/schema/mule/api-platform-gw http://www.mulesoft.org/schema/mule/api-platform-gw/current/mule-api-platform-gw.xsd">
    <http:listener-config name="flight-svc-httpListenerConfig" host="0.0.0.0" port="8081" doc:name="HTTP Listener Configuration" />
    <apikit:config name="flight-svc-config" raml="flight-svc.raml" consoleEnabled="false" doc:name="Router" />
    <flow name="flight-svc-main">
        <http:listener config-ref="flight-svc-httpListenerConfig" path="/*" doc:name="HTTP" />
        <apikit:router config-ref="flight-svc-config" doc:name="APIkit Router" />
        <exception-strategy ref="flight-svc-apiKitGlobalExceptionMapping" doc:name="Reference Exception Strategy" />
    </flow>
    <!-- <flow name="flight-svc-console">
        <http:listener config-ref="flight-svc-httpListenerConfig" path="/console/*" doc:name="HTTP" />
        <apikit:console config-ref="flight-svc-config" doc:name="APIkit Console" />
    </flow> -->
</mule>
